{
  "project_info": {
    "project_number": "357794333249",
    "firebase_url": "https://volleyballscoretracker.firebaseio.com",
    "project_id": "volleyballscoretracker",
    "storage_bucket": "volleyballscoretracker.appspot.com"
  },
  "client": [
    {
      "client_info": {
        "mobilesdk_app_id": "1:357794333249:android:64e8aa9b53b279ab",
        "android_client_info": {
          "package_name": "aheschl.easyvolleyballscorekeeper"
        }
      },
      "oauth_client": [
        {
          "client_id": "357794333249-4nottb0j9mflrpcopdkl6fr6cvnvrv9e.apps.googleusercontent.com",
          "client_type": 1,
          "android_info": {
            "package_name": "aheschl.easyvolleyballscorekeeper",
            "certificate_hash": "82ab23f2e908e0e28be0a2d1b332891546fe7ad6"
          }
        },
        {
          "client_id": "357794333249-d1ijj2gve9demhilb9tagvt2c3mltjim.apps.googleusercontent.com",
          "client_type": 3
        }
      ],
      "api_key": [
        {
          "current_key": "AIzaSyDVcweWIwfrwoRdRgDmWqBdn93kB-umpXQ"
        }
      ],
      "services": {
        "analytics_service": {
          "status": 1
        },
        "appinvite_service": {
          "status": 2,
          "other_platform_oauth_client": [
            {
              "client_id": "357794333249-d1ijj2gve9demhilb9tagvt2c3mltjim.apps.googleusercontent.com",
              "client_type": 3
            }
          ]
        },
        "ads_service": {
          "status": 2
        }
      }
    }
  ],
  "configuration_version": "1"
}